question_id,exam_name,question_number,subject,source,subquestion_count,point_count,detected_points,model_points_length,status,notes,missing_specific_points,display_answer_coverage
484,February 1997,4,Agency & Partnership,MEE_PQ_Bank.docx,3,4,"1,2,1,3",5371,OK,,,YES_EXACT_POINTS
485,July 1997,1,Agency & Partnership,MEE_PQ_Bank.docx,1,4,"1,2,3,4",9298,OK,,,YES_EXACT_POINTS
486,February 1998,1,Agency & Partnership,MEE_PQ_Bank.docx,3,3,"1,2,3",8144,OK,,,YES_EXACT_POINTS
487,July 1998,2,Agency & Partnership,MEE_PQ_Bank.docx,2,2,"1,2",6505,OK,,,YES_EXACT_POINTS
488,February 1999,2,Agency & Partnership,MEE_PQ_Bank.docx,1,5,"1,3,2,3,4",10164,OK,,,YES_EXACT_POINTS
489,July 1999,2,Agency & Partnership,MEE_PQ_Bank.docx,1,3,"1,2,3",8933,OK,,,YES_EXACT_POINTS
490,February 2000,2,Agency & Partnership,MEE_PQ_Bank.docx,1,3,"1,2,3",7284,OK,,,YES_EXACT_POINTS
491,February 2001,2,Agency & Partnership,MEE_PQ_Bank.docx,1,4,"1,2,3,4",6705,OK,,,YES_EXACT_POINTS
492,July 2001,1,Agency & Partnership,MEE_PQ_Bank.docx,1,3,"1,2,3",8726,OK,,,YES_EXACT_POINTS
493,February 2002,3,Agency & Partnership,MEE_PQ_Bank.docx,1,1,1,2713,OK,,,YES_EXACT_POINTS
494,July 2002,6,Agency & Partnership,MEE_PQ_Bank.docx,1,4,"1,1,2,3",3164,OK,,,YES_EXACT_POINTS
495,February 2003,4,Agency & Partnership,MEE_PQ_Bank.docx,1,0,,1400,POSSIBLY_INCOMPLETE,Fewer model answer points than subquestions. App will show full available model analysis for missing calls.,1,YES_FULL_FALLBACK
496,July 2003,5,Agency & Partnership,MEE_PQ_Bank.docx,1,0,,2234,POSSIBLY_INCOMPLETE,Fewer model answer points than subquestions. App will show full available model analysis for missing calls.,1,YES_FULL_FALLBACK
497,February 2004,6,Agency & Partnership,MEE_PQ_Bank.docx,1,1,3,1391,PARTIAL_MODEL,Only later point detected; likely split/import issue. App will show full available model analysis for missing calls.,1,YES_FULL_FALLBACK
498,July 2004,5,Agency & Partnership,MEE_PQ_Bank.docx,1,1,3,3343,PARTIAL_MODEL,Only later point detected; likely split/import issue. App will show full available model analysis for missing calls.,1,YES_FULL_FALLBACK
499,February 2005,7,Agency & Partnership,MEE_PQ_Bank.docx,2,0,,3386,NO_POINT_SPLIT,Multiple calls but model answer has no Point headings. App will show full available model analysis for each call.,"1,2",YES_FULL_FALLBACK
500,February 2006,2,Agency & Partnership,MEE_PQ_Bank.docx,1,2,"2,1",2890,OK,,,YES_EXACT_POINTS
501,July 2006,2,Agency & Partnership,MEE_PQ_Bank.docx,1,1,1,2216,OK,,,YES_EXACT_POINTS
502,February 2007,6,Agency & Partnership,MEE_PQ_Bank.docx,1,0,,2040,POSSIBLY_INCOMPLETE,Fewer model answer points than subquestions. App will show full available model analysis for missing calls.,1,YES_FULL_FALLBACK
503,July 2007,4,Agency & Partnership,MEE_PQ_Bank.docx,1,0,,892,POSSIBLY_INCOMPLETE,Fewer model answer points than subquestions. App will show full available model analysis for missing calls.,1,YES_FULL_FALLBACK
504,July 2008,3,Agency & Partnership,MEE_PQ_Bank.docx,1,2,"4,3",1803,OK,,1,YES_EXACT_POINTS
505,February 2009,1,Contracts / Sales,MEE_PQ_Bank.docx,1,2,"2,3",3063,OK,,1,YES_EXACT_POINTS
506,July 2009,8,Agency & Partnership,MEE_PQ_Bank.docx,1,4,"3,2,1,2",1165,OK,,,YES_EXACT_POINTS
507,July 2010,1,Agency & Partnership,MEE_PQ_Bank.docx,1,6,"1,2,1,3,2,4",5952,OK,,,YES_EXACT_POINTS
508,July 2011,9,Agency & Partnership,MEE Question Bank (my import),3,6,"1,1,1,2,2,3",7074,OK,,,YES_EXACT_POINTS
509,February 2012,6,Agency & Partnership,MEE_PQ_Bank.docx,3,3,"1,2,3",5282,OK,,,YES_EXACT_POINTS
510,February 2013,6,Agency & Partnership,MEE_PQ_Bank.docx,6,4,"1,2,1,3",12718,POSSIBLY_INCOMPLETE,Fewer model answer points than subquestions. App will show full available model analysis for missing calls.,"4,5,6",YES_FULL_FALLBACK
511,July 2013,2,Agency & Partnership,MEE_PQ_Bank.docx,3,4,"1,2,1,3",8828,OK,,,YES_EXACT_POINTS
512,February 2014,6,Agency & Partnership,MEE_PQ_Bank.docx,1,4,"1,2,3,2",12484,OK,,,YES_EXACT_POINTS
513,February 2015,1,Agency & Partnership,MEE_PQ_Bank.docx,1,4,"1,2,3,4",12363,OK,,,YES_EXACT_POINTS
514,February 2016,3,Agency & Partnership,MEE_PQ_Bank.docx,2,4,"1,2,3,3",10985,OK,,,YES_EXACT_POINTS
515,February 2017,5,Agency & Partnership,MEE_PQ_Bank.docx,3,4,"1,2,3,1",12400,OK,,,YES_EXACT_POINTS
516,February 2018,6,Agency & Partnership,MEE_PQ_Bank.docx,3,3,"1,2,3",17080,OK,,,YES_EXACT_POINTS
517,February 2019,3,Agency & Partnership,MEE_PQ_Bank.docx,4,4,"1,2,3,4",11107,OK,,,YES_EXACT_POINTS
518,February 2020,5,Agency & Partnership,MEE_PQ_Bank.docx,1,5,"1,2,1,3,4",13111,OK,,,YES_EXACT_POINTS
519,February 2021,1,Agency & Partnership,MEE_PQ_Bank.docx,1,7,"1,3,1,2,2,3,3",13022,OK,,,YES_EXACT_POINTS
520,February 2022,4,Agency & Partnership,MEE_PQ_Bank.docx,1,5,"1,1,2,3,1",11876,OK,,,YES_EXACT_POINTS
521,February 2024,1,Agency & Partnership,MEE_PQ_Bank.docx,1,6,"1,2,1,3,2,4",6753,OK,,,YES_EXACT_POINTS
522,February 2025,1,Agency & Partnership,MEE_PQ_Bank.docx,1,4,"1,2,2,3",9235,OK,,,YES_EXACT_POINTS
523,July 1997,6,Corporations & LLCs,MEE_PQ_Bank.docx,1,3,"1,2,3",8647,OK,,,YES_EXACT_POINTS
524,February 1998,6,Corporations & LLCs,MEE_PQ_Bank.docx,2,4,"1,2,2,2",8580,OK,,,YES_EXACT_POINTS
525,July 1998,6,Corporations & LLCs,MEE_PQ_Bank.docx,2,3,"1,1,2",6158,OK,,,YES_EXACT_POINTS
526,February 1999,6,Corporations & LLCs,MEE_PQ_Bank.docx,1,3,"1,2,3",6203,OK,,,YES_EXACT_POINTS
527,July 1999,7,Corporations & LLCs,MEE_PQ_Bank.docx,1,4,"1,2,2,3",14453,OK,,,YES_EXACT_POINTS
528,February 2000,7,Corporations & LLCs,MEE_PQ_Bank.docx,23,7,"1,1,1,2,3,4,3",7717,POSSIBLY_INCOMPLETE,Fewer model answer points than subquestions. App will show full available model analysis for missing calls.,"5,6,7,8,9,10,11,12,13,14,15,16,17,18,19,20,21,22,23",YES_FULL_FALLBACK
529,July 2000,4,Corporations & LLCs,MEE_PQ_Bank.docx,1,3,"1,2,3",9714,OK,,,YES_EXACT_POINTS
530,February 2001,7,Corporations & LLCs,MEE_PQ_Bank.docx,1,3,"1,2,3",5867,OK,,,YES_EXACT_POINTS
531,February 2002,7,Evidence,MEE_PQ_Bank.docx,1,2,"2,2",3301,PARTIAL_MODEL,Only later point detected; likely split/import issue. App will show full available model analysis for missing calls.,1,YES_FULL_FALLBACK
532,February 2003,7,Corporations & LLCs,MEE_PQ_Bank.docx,1,1,1,2425,OK,,,YES_EXACT_POINTS
533,July 2003,1,Corporations & LLCs,MEE_PQ_Bank.docx,1,2,"1,1",2900,OK,,,YES_EXACT_POINTS
534,July 2004,2,Corporations & LLCs,MEE_PQ_Bank.docx,1,2,"2,3",3165,OK,,1,YES_EXACT_POINTS
535,February 2005,1,Corporations & LLCs,MEE_PQ_Bank.docx,1,1,1,2328,OK,,,YES_EXACT_POINTS
536,July 2005,2,Contracts / Sales,MEE_PQ_Bank.docx,1,0,,628,POSSIBLY_INCOMPLETE,Fewer model answer points than subquestions. App will show full available model analysis for missing calls.,1,YES_FULL_FALLBACK
537,February 2006,5,Corporations & LLCs,MEE_PQ_Bank.docx,1,0,,2109,POSSIBLY_INCOMPLETE,Fewer model answer points than subquestions. App will show full available model analysis for missing calls.,1,YES_FULL_FALLBACK
538,July 2006,5,Corporations & LLCs,MEE_PQ_Bank.docx,1,1,1,2261,OK,,,YES_EXACT_POINTS
539,July 2007,9,Corporations & LLCs,MEE_PQ_Bank.docx,3,0,,26849,NO_POINT_SPLIT,Multiple calls but model answer has no Point headings. App will show full available model analysis for each call.,"1,2,3",YES_FULL_FALLBACK
540,February 2008,5,Corporations & LLCs,MEE_PQ_Bank.docx,1,3,"1,2,3",7214,OK,,,YES_EXACT_POINTS
541,February 2009,9,Corporations & LLCs,MEE_PQ_Bank.docx,5,0,,20605,NO_POINT_SPLIT,Multiple calls but model answer has no Point headings. App will show full available model analysis for each call.,"1,2,3,4,5",YES_FULL_FALLBACK
542,February 2010,5,Corporations & LLCs,MEE_PQ_Bank.docx,1,3,"1,2,3",9534,OK,,,YES_EXACT_POINTS
543,July 2010,9,Corporations & LLCs,MEE_PQ_Bank.docx,1,5,"1,2,3,4,5",12321,OK,,,YES_EXACT_POINTS
544,February 2011,7,Corporations & LLCs,MEE_PQ_Bank.docx,3,3,"1,2,3",7005,OK,,,YES_EXACT_POINTS
545,February 2012,9,Corporations & LLCs,MEE_PQ_Bank.docx,1,8,"1,1,1,1,2,3,3,2",11664,OK,,,YES_EXACT_POINTS
546,July 2012,8,Corporations & LLCs,MEE_PQ_Bank.docx,1,5,"1,2,3,1,4",8130,OK,,,YES_EXACT_POINTS
547,July 2013,6,Corporations & LLCs,MEE_PQ_Bank.docx,1,3,"1,2,2",14073,OK,,,YES_EXACT_POINTS
548,July 2014,6,Corporations & LLCs,MEE_PQ_Bank.docx,1,4,"1,2,1,3",18145,OK,,,YES_EXACT_POINTS
549,July 2015,4,Corporations & LLCs,MEE_PQ_Bank.docx,1,7,"1,2,1,3,4,2,3",12504,OK,,,YES_EXACT_POINTS
550,July 2016,1,Torts,MEE_PQ_Bank.docx,1,4,"1,2,3,4",9676,OK,,,YES_EXACT_POINTS
551,February 2017,4,Corporations & LLCs,MEE_PQ_Bank.docx,1,3,"1,2,3",14091,OK,,,YES_EXACT_POINTS
552,July 2018,6,Corporations & LLCs,MEE Question Bank (my import),3,1,2,1925,PARTIAL_MODEL,Only later point detected; likely split/import issue. App will show full available model analysis for missing calls.,"1,3",YES_FULL_FALLBACK
553,July 2019,3,Corporations & LLCs,MEE_PQ_Bank.docx,1,3,"1,2,3",15331,OK,,,YES_EXACT_POINTS
554,July 2020,2,Constitutional Law,MEE_PQ_Bank.docx,1,3,"1,2,3",17781,OK,,,YES_EXACT_POINTS
555,July 2021,2,Corporations & LLCs,MEE_PQ_Bank.docx,3,3,"1,2,3",12270,OK,,,YES_EXACT_POINTS
556,February 2022,3,Corporations & LLCs,MEE_PQ_Bank.docx,1,6,"1,2,2,2,3,4",17444,OK,,,YES_EXACT_POINTS
557,July 2022,3,Agency & Partnership,MEE_PQ_Bank.docx,1,4,"1,2,3,2",17634,OK,,,YES_EXACT_POINTS
558,July 2023,2,Agency & Partnership,MEE_PQ_Bank.docx,1,3,"1,2,3",13875,OK,,,YES_EXACT_POINTS
559,July 2024,2,Corporations & LLCs,MEE_PQ_Bank.docx,1,3,"1,2,3",15818,OK,,,YES_EXACT_POINTS
560,February 1997,5,Civil Procedure,MEE_PQ_Bank.docx,2,3,"1,2,3",11462,OK,,,YES_EXACT_POINTS
561,July 1997,5,Civil Procedure,MEE_PQ_Bank.docx,1,2,"1,2",8323,OK,,,YES_EXACT_POINTS
562,February 1998,4,Civil Procedure,MEE_PQ_Bank.docx,1,3,"1,2,3",6125,OK,,,YES_EXACT_POINTS
563,July 1998,3,Civil Procedure,MEE_PQ_Bank.docx,2,2,"1,2",11478,OK,,,YES_EXACT_POINTS
564,February 1999,4,Civil Procedure,MEE_PQ_Bank.docx,1,3,"1,2,3",11177,OK,,,YES_EXACT_POINTS
565,July 1999,3,Civil Procedure,MEE_PQ_Bank.docx,1,2,"1,2",5856,OK,,,YES_EXACT_POINTS
566,February 2000,3,Civil Procedure,MEE_PQ_Bank.docx,1,3,"1,2,3",5929,OK,,,YES_EXACT_POINTS
567,July 2000,3,Civil Procedure,MEE_PQ_Bank.docx,1,3,"1,2,3",3912,OK,,,YES_EXACT_POINTS
568,February 2001,5,Civil Procedure,MEE_PQ_Bank.docx,1,4,"1,2,2,2",9187,OK,,,YES_EXACT_POINTS
569,July 2001,7,Civil Procedure,MEE_PQ_Bank.docx,1,3,"1,2,2",8939,OK,,,YES_EXACT_POINTS
570,February 2002,1,Civil Procedure,MEE_PQ_Bank.docx,1,0,,3408,POSSIBLY_INCOMPLETE,Fewer model answer points than subquestions. App will show full available model analysis for missing calls.,1,YES_FULL_FALLBACK
571,July 2002,3,Civil Procedure,MEE Question Bank (my import),2,4,"1,1,1,2",5290,OK,,,YES_EXACT_POINTS
572,February 2003,5,Evidence,MEE_PQ_Bank.docx,1,1,2,1855,PARTIAL_MODEL,Only later point detected; likely split/import issue. App will show full available model analysis for missing calls.,1,YES_FULL_FALLBACK
573,July 2003,4,Civil Procedure,MEE_PQ_Bank.docx,1,1,1,2528,OK,,,YES_EXACT_POINTS
574,February 2004,4,Civil Procedure,MEE_PQ_Bank.docx,1,1,1,2426,OK,,,YES_EXACT_POINTS
575,July 2004,6,Civil Procedure,MEE_PQ_Bank.docx,1,0,,2222,POSSIBLY_INCOMPLETE,Fewer model answer points than subquestions. App will show full available model analysis for missing calls.,1,YES_FULL_FALLBACK
576,February 2005,3,Contracts / Sales,MEE_PQ_Bank.docx,1,1,2,2749,PARTIAL_MODEL,Only later point detected; likely split/import issue. App will show full available model analysis for missing calls.,1,YES_FULL_FALLBACK
577,July 2005,6,Civil Procedure,MEE_PQ_Bank.docx,1,1,1,2326,OK,,,YES_EXACT_POINTS
578,February 2006,3,Civil Procedure,MEE_PQ_Bank.docx,1,0,,3814,POSSIBLY_INCOMPLETE,Fewer model answer points than subquestions. App will show full available model analysis for missing calls.,1,YES_FULL_FALLBACK
579,July 2006,6,Civil Procedure,MEE_PQ_Bank.docx,1,0,,3062,POSSIBLY_INCOMPLETE,Fewer model answer points than subquestions. App will show full available model analysis for missing calls.,1,YES_FULL_FALLBACK
580,February 2007,3,Civil Procedure,MEE_PQ_Bank.docx,1,1,1,2254,OK,,,YES_EXACT_POINTS
581,July 2007,2,Contracts / Sales,MEE_PQ_Bank.docx,1,1,1,1892,OK,,,YES_EXACT_POINTS
582,February 2008,6,Civil Procedure,MEE_PQ_Bank.docx,1,7,"1,2,3,4,1,2,2",18716,OK,,,YES_EXACT_POINTS
583,July 2008,5,Real Property,MEE_PQ_Bank.docx,1,3,"1,2,3",4786,OK,,,YES_EXACT_POINTS
584,February 2009,5,Real Property,MEE_PQ_Bank.docx,1,0,,2143,POSSIBLY_INCOMPLETE,Fewer model answer points than subquestions. App will show full available model analysis for missing calls.,1,YES_FULL_FALLBACK
585,July 2009,6,Contracts / Sales,MEE_PQ_Bank.docx,1,1,1,2000,OK,,,YES_EXACT_POINTS
586,February 2010,6,Civil Procedure,MEE_PQ_Bank.docx,1,3,"1,2,3",12115,OK,,,YES_EXACT_POINTS
587,July 2010,7,Civil Procedure,MEE_PQ_Bank.docx,1,3,"1,2,3",10918,OK,,,YES_EXACT_POINTS
588,February 2011,8,Civil Procedure,MEE_PQ_Bank.docx,1,5,"1,2,3,3,1",11251,OK,,,YES_EXACT_POINTS
589,July 2011,5,Civil Procedure,MEE_PQ_Bank.docx,1,5,"1,2,3,3,4",12917,OK,,,YES_EXACT_POINTS
590,February 2012,7,Civil Procedure,MEE_PQ_Bank.docx,1,4,"1,2,1,3",9650,OK,,,YES_EXACT_POINTS
591,July 2012,7,Civil Procedure,MEE_PQ_Bank.docx,1,2,"1,2",8707,OK,,,YES_EXACT_POINTS
592,February 2013,5,Civil Procedure,MEE_PQ_Bank.docx,1,4,"1,2,3,1",14528,OK,,,YES_EXACT_POINTS
593,July 2013,1,Civil Procedure,MEE_PQ_Bank.docx,1,5,"1,1,1,1,2",15340,OK,,,YES_EXACT_POINTS
594,February 2014,4,Civil Procedure,MEE_PQ_Bank.docx,1,3,"1,2,2",12203,OK,,,YES_EXACT_POINTS
595,July 2014,4,Civil Procedure,MEE_PQ_Bank.docx,1,4,"1,2,2,2",15858,OK,,,YES_EXACT_POINTS
596,February 2015,5,Civil Procedure,MEE_PQ_Bank.docx,1,3,"1,2,3",12317,OK,,,YES_EXACT_POINTS
597,July 2015,2,Civil Procedure,MEE_PQ_Bank.docx,2,4,"1,1,2,2",13692,OK,,,YES_EXACT_POINTS
598,July 2016,6,Civil Procedure,MEE_PQ_Bank.docx,1,4,"1,2,2,3",17111,OK,,,YES_EXACT_POINTS
599,July 2017,6,Civil Procedure,MEE_PQ_Bank.docx,4,4,"1,2,3,4",16049,OK,,,YES_EXACT_POINTS
600,February 2018,5,Civil Procedure,MEE_PQ_Bank.docx,2,4,"1,1,2,2",16083,OK,,,YES_EXACT_POINTS
601,February 2019,4,Civil Procedure,MEE_PQ_Bank.docx,1,5,"1,1,1,2,2",13917,OK,,,YES_EXACT_POINTS
602,July 2019,6,Civil Procedure,MEE_PQ_Bank.docx,1,3,"1,2,3",20133,OK,,,YES_EXACT_POINTS
603,February 2020,3,Civil Procedure,MEE_PQ_Bank.docx,1,2,"1,2",8055,OK,,,YES_EXACT_POINTS
604,February 2021,3,Civil Procedure,MEE_PQ_Bank.docx,1,5,"1,2,3,3,2",15679,OK,,,YES_EXACT_POINTS
605,July 2021,6,Civil Procedure,MEE_PQ_Bank.docx,1,5,"1,1,1,1,2",12587,OK,,,YES_EXACT_POINTS
606,July 2022,5,Civil Procedure,MEE_PQ_Bank.docx,1,4,"2,2,3,1",11223,OK,,,YES_EXACT_POINTS
607,February 2023,3,Civil Procedure,MEE_PQ_Bank.docx,1,4,"1,2,3,3",20063,OK,,,YES_EXACT_POINTS
608,July 2023,4,Civil Procedure,MEE_PQ_Bank.docx,1,3,"1,2,3",10658,OK,,,YES_EXACT_POINTS
609,July 2024,6,Civil Procedure,MEE_PQ_Bank.docx,1,3,"1,2,3",11902,OK,,,YES_EXACT_POINTS
610,February 2025,4,Civil Procedure,MEE_PQ_Bank.docx,1,3,"1,2,3",14041,OK,,,YES_EXACT_POINTS
611,July 2008,2,Torts,MEE_PQ_Bank.docx,1,1,1,1498,OK,,,YES_EXACT_POINTS
612,July 2009,2,Evidence,MEE_PQ_Bank.docx,1,1,2,3279,PARTIAL_MODEL,Only later point detected; likely split/import issue. App will show full available model analysis for missing calls.,1,YES_FULL_FALLBACK
613,July 2010,4,Constitutional Law,MEE_PQ_Bank.docx,1,3,"1,2,3",9020,OK,,,YES_EXACT_POINTS
614,July 2011,8,Agency & Partnership,MEE_PQ_Bank.docx,1,9,"1,1,1,1,2,2,2,2,3",16676,OK,,,YES_EXACT_POINTS
615,July 2012,3,Constitutional Law,MEE_PQ_Bank.docx,1,3,"1,2,3",7861,OK,,,YES_EXACT_POINTS
616,February 2013,3,Constitutional Law,MEE_PQ_Bank.docx,1,5,"1,2,1,3,1",8895,OK,,,YES_EXACT_POINTS
617,February 2014,1,Constitutional Law,MEE_PQ_Bank.docx,1,2,"1,2",7763,OK,,,YES_EXACT_POINTS
618,February 2015,2,Constitutional Law,MEE_PQ_Bank.docx,1,3,"1,2,1",9167,OK,,,YES_EXACT_POINTS
619,February 2016,4,Constitutional Law,MEE_PQ_Bank.docx,1,3,"1,2,3",9957,OK,,,YES_EXACT_POINTS
620,July 2017,2,Constitutional Law,MEE_PQ_Bank.docx,3,3,"1,2,3",7408,OK,,,YES_EXACT_POINTS
621,July 2018,1,Constitutional Law,MEE_PQ_Bank.docx,1,2,"1,2",8889,OK,,,YES_EXACT_POINTS
622,July 2024,3,Constitutional Law,MEE_PQ_Bank.docx,1,7,"1,1,1,1,2,3,3",20034,OK,,,YES_EXACT_POINTS
623,February 2025,2,Constitutional Law,MEE_PQ_Bank.docx,1,6,"1,2,3,4,4,4",14796,OK,,,YES_EXACT_POINTS
624,July 2007,1,Contracts / Sales,MEE_PQ_Bank.docx,1,0,,1103,POSSIBLY_INCOMPLETE,Fewer model answer points than subquestions. App will show full available model analysis for missing calls.,1,YES_FULL_FALLBACK
625,July 2008,8,Contracts / Sales,MEE Question Bank (my import),2,5,"1,2,3,4,5",4853,OK,,,YES_EXACT_POINTS
626,July 2009,5,Contracts / Sales,MEE_PQ_Bank.docx,1,1,1,2031,OK,,,YES_EXACT_POINTS
627,July 2010,2,Contracts / Sales,MEE_PQ_Bank.docx,1,6,"1,2,1,3,4,4",14423,OK,,,YES_EXACT_POINTS
628,February 2011,6,Contracts / Sales,MEE_PQ_Bank.docx,1,4,"1,1,2,3",6749,OK,,,YES_EXACT_POINTS
629,February 2012,3,Contracts / Sales,MEE_PQ_Bank.docx,1,3,"1,2,3",6406,OK,,,YES_EXACT_POINTS
630,February 2013,2,Contracts / Sales,MEE_PQ_Bank.docx,1,4,"1,2,1,2",5851,OK,,,YES_EXACT_POINTS
631,July 2013,7,Contracts / Sales,MEE_PQ_Bank.docx,1,5,"1,2,3,4,5",10680,OK,,,YES_EXACT_POINTS
632,July 2014,2,Contracts / Sales,MEE_PQ_Bank.docx,1,3,"1,2,3",9731,OK,,,YES_EXACT_POINTS
633,July 2015,3,Contracts / Sales,MEE_PQ_Bank.docx,3,3,"1,2,3",9431,OK,,,YES_EXACT_POINTS
634,July 2016,5,Contracts / Sales,MEE_PQ_Bank.docx,1,4,"1,4,2,3",7823,OK,,,YES_EXACT_POINTS
635,February 2017,1,Contracts / Sales,MEE_PQ_Bank.docx,1,3,"1,2,3",6976,OK,,,YES_EXACT_POINTS
636,February 2018,3,Contracts / Sales,MEE_PQ_Bank.docx,1,3,"1,2,3",10277,OK,,,YES_EXACT_POINTS
637,July 2018,2,Contracts / Sales,MEE_PQ_Bank.docx,2,3,"1,2,3",7397,OK,,,YES_EXACT_POINTS
638,July 2019,4,Contracts / Sales,MEE_PQ_Bank.docx,1,4,"1,2,1,2",11047,OK,,,YES_EXACT_POINTS
639,February 2020,1,Contracts / Sales,MEE_PQ_Bank.docx,1,4,"1,2,1,1",11002,OK,,,YES_EXACT_POINTS
640,February 2021,6,Contracts / Sales,MEE_PQ_Bank.docx,1,5,"1,2,2,2,2",11986,OK,,,YES_EXACT_POINTS
641,February 2022,6,Contracts / Sales,MEE_PQ_Bank.docx,1,6,"1,2,4,2,3,4",10369,OK,,,YES_EXACT_POINTS
642,July 2022,2,Contracts / Sales,MEE_PQ_Bank.docx,3,3,"1,2,3",14766,OK,,,YES_EXACT_POINTS
643,February 2024,2,Contracts / Sales,MEE_PQ_Bank.docx,1,7,"1,1,1,1,2,2,1",13696,OK,,,YES_EXACT_POINTS
644,July 2024,4,Contracts / Sales,MEE_PQ_Bank.docx,1,4,"1,1,2,3",7915,OK,,,YES_EXACT_POINTS
645,July 2007,5,Evidence,MEE_PQ_Bank.docx,1,1,2,3362,PARTIAL_MODEL,Only later point detected; likely split/import issue. App will show full available model analysis for missing calls.,1,YES_FULL_FALLBACK
646,February 2008,8,Criminal Law & Procedure,MEE Question Bank (my import),1,3,"1,2,3",3993,OK,,,YES_EXACT_POINTS
647,July 2009,7,Criminal Law & Procedure,MEE_PQ_Bank.docx,1,1,3,3275,PARTIAL_MODEL,Only later point detected; likely split/import issue. App will show full available model analysis for missing calls.,1,YES_FULL_FALLBACK
648,July 2010,8,Criminal Law & Procedure,MEE_PQ_Bank.docx,1,3,"1,2,3",7580,OK,,,YES_EXACT_POINTS
649,July 2011,2,Criminal Law & Procedure,MEE_PQ_Bank.docx,1,6,"1,2,4,3,4,4",10850,OK,,,YES_EXACT_POINTS
650,July 2012,2,Criminal Law & Procedure,MEE_PQ_Bank.docx,1,4,"1,1,1,2",15060,OK,,,YES_EXACT_POINTS
651,February 2014,5,Criminal Law & Procedure,MEE_PQ_Bank.docx,1,3,"1,2,3",11333,OK,,,YES_EXACT_POINTS
652,July 2014,1,Criminal Law & Procedure,MEE_PQ_Bank.docx,1,3,"1,2,3",9614,OK,,,YES_EXACT_POINTS
653,July 2015,5,Criminal Law & Procedure,MEE_PQ_Bank.docx,3,3,"1,2,3",16761,OK,,,YES_EXACT_POINTS
654,February 2018,2,Criminal Law & Procedure,MEE_PQ_Bank.docx,1,2,"1,2",13960,OK,,,YES_EXACT_POINTS
655,February 2019,6,Criminal Law & Procedure,MEE_PQ_Bank.docx,1,6,"1,2,3,2,3,2",15695,OK,,,YES_EXACT_POINTS
656,July 2019,2,Criminal Law & Procedure,MEE_PQ_Bank.docx,1,4,"1,2,2,3",11595,OK,,,YES_EXACT_POINTS
657,July 2021,4,Criminal Law & Procedure,MEE_PQ_Bank.docx,2,4,"1,1,1,2",15817,OK,,,YES_EXACT_POINTS
658,February 2022,2,Criminal Law & Procedure,MEE_PQ_Bank.docx,1,4,"1,2,3,4",13220,OK,,,YES_EXACT_POINTS
659,February 2023,2,Criminal Law & Procedure,MEE_PQ_Bank.docx,1,5,"1,1,2,3,4",12552,OK,,,YES_EXACT_POINTS
660,July 2023,6,Criminal Law & Procedure,MEE_PQ_Bank.docx,1,4,"1,2,3,4",16583,OK,,,YES_EXACT_POINTS
661,February 2024,5,Criminal Law & Procedure,MEE_PQ_Bank.docx,1,4,"1,2,3,4",10634,OK,,,YES_EXACT_POINTS
662,February 2008,4,Evidence,MEE_PQ_Bank.docx,1,0,,2243,POSSIBLY_INCOMPLETE,Fewer model answer points than subquestions. App will show full available model analysis for missing calls.,1,YES_FULL_FALLBACK
663,February 2009,2,Agency & Partnership,MEE_PQ_Bank.docx,1,1,1,1972,OK,,,YES_EXACT_POINTS
664,February 2010,7,Evidence,MEE_PQ_Bank.docx,1,5,"1,2,3,4,4",8911,OK,,,YES_EXACT_POINTS
665,February 2011,2,Evidence,MEE_PQ_Bank.docx,1,4,"1,2,3,4",9494,OK,,,YES_EXACT_POINTS
666,February 2012,1,Evidence,MEE_PQ_Bank.docx,1,6,"1,2,3,3,3,4",9662,OK,,,YES_EXACT_POINTS
667,February 2013,7,Evidence,MEE_PQ_Bank.docx,3,6,"1,1,2,3,3,3",6656,OK,,,YES_EXACT_POINTS
668,July 2013,4,Evidence,MEE_PQ_Bank.docx,1,6,"1,2,3,1,4,2",12474,OK,,,YES_EXACT_POINTS
669,July 2014,5,Evidence,MEE_PQ_Bank.docx,1,7,"1,1,1,1,1,2,2",13110,OK,,,YES_EXACT_POINTS
670,February 2016,2,Evidence,MEE_PQ_Bank.docx,1,6,"1,2,1,2,1,3",13746,OK,,,YES_EXACT_POINTS
671,July 2016,2,Civil Procedure,MEE_PQ_Bank.docx,1,6,"1,2,3,4,5,4",12353,OK,,,YES_EXACT_POINTS
672,July 2017,5,Criminal Law & Procedure,MEE_PQ_Bank.docx,3,4,"1,2,2,3",9770,OK,,,YES_EXACT_POINTS
673,July 2018,5,Evidence,MEE_PQ_Bank.docx,1,11,"1,2,3,3,4,1,2,2,3,2,2",30315,OK,,,YES_EXACT_POINTS
674,February 2020,6,Criminal Law & Procedure,MEE_PQ_Bank.docx,3,6,"1,2,1,2,3,3",19519,OK,,,YES_EXACT_POINTS
675,July 2020,1,Evidence,MEE_PQ_Bank.docx,3,5,"1,2,2,2,3",15823,OK,,,YES_EXACT_POINTS
676,July 2022,1,Evidence,MEE_PQ_Bank.docx,3,4,"1,2,3,3",12272,OK,,,YES_EXACT_POINTS
677,February 2023,6,Evidence,MEE_PQ_Bank.docx,1,4,"1,2,2,3",12733,OK,,,YES_EXACT_POINTS
678,February 2024,3,Evidence,MEE_PQ_Bank.docx,1,4,"1,2,3,4",12788,OK,,,YES_EXACT_POINTS
679,February 2025,5,Evidence,MEE_PQ_Bank.docx,1,4,"1,2,1,3",13596,OK,,,YES_EXACT_POINTS
680,July 2007,6,Real Property,MEE_PQ_Bank.docx,1,1,1,2454,OK,,,YES_EXACT_POINTS
681,July 2008,4,Agency & Partnership,MEE_PQ_Bank.docx,1,1,1,2196,OK,,,YES_EXACT_POINTS
682,February 2009,4,Real Property,MEE_PQ_Bank.docx,1,0,,2178,POSSIBLY_INCOMPLETE,Fewer model answer points than subquestions. App will show full available model analysis for missing calls.,1,YES_FULL_FALLBACK
683,February 2010,2,Real Property,MEE_PQ_Bank.docx,1,4,"1,2,3,1",6724,OK,,,YES_EXACT_POINTS
684,July 2010,5,Real Property,MEE_PQ_Bank.docx,1,5,"1,2,4,3,4",9991,OK,,,YES_EXACT_POINTS
685,July 2011,4,Real Property,MEE_PQ_Bank.docx,1,8,"1,3,2,3,3,4,4,3",11718,OK,,,YES_EXACT_POINTS
686,February 2012,8,Real Property,MEE_PQ_Bank.docx,1,3,"1,2,3",5433,OK,,,YES_EXACT_POINTS
687,February 2013,1,Real Property,MEE_PQ_Bank.docx,1,3,"1,2,3",14136,OK,,,YES_EXACT_POINTS
688,July 2013,8,Real Property,MEE_PQ_Bank.docx,1,5,"1,1,2,3,2",11078,OK,,,YES_EXACT_POINTS
689,February 2015,4,Real Property,MEE_PQ_Bank.docx,1,6,"1,1,1,1,2,3",11613,OK,,,YES_EXACT_POINTS
690,February 2017,6,Real Property,MEE_PQ_Bank.docx,1,9,"1,1,1,1,2,2,2,1,1",20863,OK,,,YES_EXACT_POINTS
691,February 2018,4,Agency & Partnership,MEE_PQ_Bank.docx,1,4,"1,2,3,4",8747,OK,,,YES_EXACT_POINTS
692,July 2018,3,Real Property,MEE_PQ_Bank.docx,3,4,"1,2,3,3",9854,OK,,,YES_EXACT_POINTS
693,February 2020,2,Real Property,MEE_PQ_Bank.docx,1,8,"1,2,2,2,3,2,3,3",8427,OK,,,YES_EXACT_POINTS
694,July 2020,6,Real Property,MEE_PQ_Bank.docx,1,5,"1,1,1,2,3",14820,OK,,,YES_EXACT_POINTS
695,February 2021,5,Real Property,MEE_PQ_Bank.docx,1,7,"1,1,1,1,1,1,2",11968,OK,,,YES_EXACT_POINTS
696,July 2022,6,Real Property,MEE_PQ_Bank.docx,1,6,"1,2,2,3,3,4",10951,OK,,,YES_EXACT_POINTS
697,February 2023,5,Real Property,MEE_PQ_Bank.docx,1,3,"1,2,3",10635,OK,,,YES_EXACT_POINTS
698,February 2024,4,Real Property,MEE_PQ_Bank.docx,1,4,"1,1,2,3",10495,OK,,,YES_EXACT_POINTS
699,July 2024,1,Real Property,MEE_PQ_Bank.docx,1,4,"1,2,3,4",10559,OK,,,YES_EXACT_POINTS
700,February 2008,2,Evidence,MEE_PQ_Bank.docx,1,0,,3100,POSSIBLY_INCOMPLETE,Fewer model answer points than subquestions. App will show full available model analysis for missing calls.,1,YES_FULL_FALLBACK
701,February 2009,7,Torts,MEE_PQ_Bank.docx,1,0,,2944,POSSIBLY_INCOMPLETE,Fewer model answer points than subquestions. App will show full available model analysis for missing calls.,1,YES_FULL_FALLBACK
702,February 2010,4,Torts,MEE_PQ_Bank.docx,1,5,"1,2,3,4,5",6870,OK,,,YES_EXACT_POINTS
703,February 2011,4,Torts,MEE_PQ_Bank.docx,1,5,"1,1,2,3,4",10997,OK,,,YES_EXACT_POINTS
704,February 2012,4,Torts,MEE_PQ_Bank.docx,1,4,"1,2,1,3",9600,OK,,,YES_EXACT_POINTS
705,July 2012,6,Torts,MEE_PQ_Bank.docx,1,4,"1,1,1,2",12189,OK,,,YES_EXACT_POINTS
706,July 2015,1,Torts,MEE_PQ_Bank.docx,3,6,"1,2,1,3,4,1",14837,OK,,,YES_EXACT_POINTS
707,July 2016,3,Torts,MEE_PQ_Bank.docx,3,6,"1,2,2,2,3,2",13831,OK,,,YES_EXACT_POINTS
708,July 2017,1,Civil Procedure,MEE_PQ_Bank.docx,1,4,"1,2,3,4",16181,OK,,,YES_EXACT_POINTS
709,February 2019,1,Torts,MEE_PQ_Bank.docx,1,4,"1,2,3,4",13025,OK,,,YES_EXACT_POINTS
710,July 2021,1,Torts,MEE_PQ_Bank.docx,4,7,"1,1,1,2,4,3,4",15792,OK,,,YES_EXACT_POINTS
711,July 2023,1,Torts,MEE_PQ_Bank.docx,1,3,"1,2,3",15484,OK,,,YES_EXACT_POINTS
712,February 2025,3,Torts,MEE_PQ_Bank.docx,1,1,1,12581,OK,,,YES_EXACT_POINTS
713,February 1997,1,Agency & Partnership,MEE Question-Answer Bank Markdown import,3,4,"1,2,1,3",4959,OK,,,YES_EXACT_POINTS
714,July 1998,1,Agency & Partnership,MEE Question-Answer Bank Markdown import,2,2,"1,2",6282,OK,,,YES_EXACT_POINTS
715,February 2000,1,Agency & Partnership,MEE Question-Answer Bank Markdown import,3,3,"1,2,3",6766,OK,,,YES_EXACT_POINTS
716,February 2001,1,Agency & Partnership,MEE Question-Answer Bank Markdown import,4,4,"1,2,3,4",6015,OK,,,YES_EXACT_POINTS
717,July 2001,2,Commercial Paper/Agency,MEE Question-Answer Bank Markdown import,3,3,"1,2,3",6818,OK,,,YES_EXACT_POINTS
718,February 1998,2,Federal Civil Procedure,MEE Question-Answer Bank Markdown import,1,3,"1,2,3",5688,OK,,,YES_EXACT_POINTS
719,July 2000,1,Federal Civil Procedure,MEE Question-Answer Bank Markdown import,3,3,"1,2,3",3477,OK,,,YES_EXACT_POINTS
720,February 2011,3,Contracts,MEE Question-Answer Bank Markdown import,3,4,"1,1,2,3",6029,OK,,,YES_EXACT_POINTS
721,February 2012,2,Contracts,MEE Question-Answer Bank Markdown import,1,3,"1,2,3",6294,OK,,,YES_EXACT_POINTS
722,July 1998,4,Contracts / Sales,MEE_PQ_Bank.docx,2,3,"1,2,2",9996,OK,,,YES_EXACT_POINTS
723,February 1999,3,Corporations & LLCs,MEE Question-Answer Bank Markdown import,3,3,"1,2,3",5668,OK,,,YES_EXACT_POINTS
724,February 2001,3,Corporations & LLCs,MEE Question-Answer Bank Markdown import,3,3,"1,2,3",5500,OK,,,YES_EXACT_POINTS
725,February 2010,1,Real Property,MEE Question-Answer Bank Markdown import,3,4,"1,2,3,1",6340,OK,,,YES_EXACT_POINTS
726,July 2000,6,Contracts / Sales,MEE_PQ_Bank.docx,1,3,"1,2,3",6133,OK,,,YES_EXACT_POINTS
727,July 2001,6,Agency & Partnership,MEE_PQ_Bank.docx,1,3,"1,2,3",7165,OK,,,YES_EXACT_POINTS
728,July 2011,7,Constitutional Law,MEE_PQ_Bank.docx,1,3,"1,2,2",9289,OK,,,YES_EXACT_POINTS
729,July 2016,4,Real Property,MEE_PQ_Bank.docx,0,5,"1,3,2,3,2",9588,OK,,,YES_EXACT_POINTS
730,July 2002,1,Evidence,MEE_PQ_Bank.docx,1,0,,633,POSSIBLY_INCOMPLETE,Fewer model answer points than subquestions. App will show full available model analysis for missing calls.,1,YES_FULL_FALLBACK
731,February 2003,2,Contracts / Sales,MEE_PQ_Bank.docx,1,2,"2,1",3272,OK,,,YES_EXACT_POINTS
732,July 2004,3,Evidence,MEE_PQ_Bank.docx,1,1,2,3699,PARTIAL_MODEL,Only later point detected; likely split/import issue. App will show full available model analysis for missing calls.,1,YES_FULL_FALLBACK
733,July 2004,7,Contracts / Sales,MEE_PQ_Bank.docx,0,1,1,2577,OK,,,YES_EXACT_POINTS
734,July 2005,1,Evidence,MEE_PQ_Bank.docx,1,1,2,3450,PARTIAL_MODEL,Only later point detected; likely split/import issue. App will show full available model analysis for missing calls.,1,YES_FULL_FALLBACK
735,July 2006,3,Contracts / Sales,MEE_PQ_Bank.docx,1,4,"2,2,2,3",3183,OK,,1,YES_EXACT_POINTS
736,July 2006,4,Evidence,MEE_PQ_Bank.docx,1,0,,1254,POSSIBLY_INCOMPLETE,Fewer model answer points than subquestions. App will show full available model analysis for missing calls.,1,YES_FULL_FALLBACK
737,February 2007,7,Corporations & LLCs,MEE_PQ_Bank.docx,0,1,2,3294,PARTIAL_MODEL,Only later point detected; likely split/import issue. App will show full available model analysis for missing calls.,,YES_FULL_FALLBACK
738,July 2007,7,Corporations & LLCs,MEE_PQ_Bank.docx,1,3,"3,3,4",3106,OK,,1,YES_EXACT_POINTS
739,February 2008,1,Evidence,MEE_PQ_Bank.docx,1,1,2,3324,PARTIAL_MODEL,Only later point detected; likely split/import issue. App will show full available model analysis for missing calls.,1,YES_FULL_FALLBACK
740,February 2009,3,Corporations & LLCs,MEE_PQ_Bank.docx,1,2,"2,3",2951,OK,,1,YES_EXACT_POINTS
741,February 2009,8,Evidence,MEE_PQ_Bank.docx,1,0,,1042,POSSIBLY_INCOMPLETE,Fewer model answer points than subquestions. App will show full available model analysis for missing calls.,1,YES_FULL_FALLBACK
742,February 2005,2,Corporations & LLCs,MEE_PQ_Bank.docx,1,1,1,2293,OK,,,YES_EXACT_POINTS
743,February 2005,8,Agency & Partnership,MEE_PQ_Bank.docx,0,1,1,2072,OK,,,YES_EXACT_POINTS
744,July 2005,7,Civil Procedure,MEE_PQ_Bank.docx,0,1,1,2295,OK,,,YES_EXACT_POINTS
745,February 2006,4,Civil Procedure,MEE_PQ_Bank.docx,1,0,,2247,POSSIBLY_INCOMPLETE,Fewer model answer points than subquestions. App will show full available model analysis for missing calls.,1,YES_FULL_FALLBACK
746,February 2006,6,Corporations & LLCs,MEE_PQ_Bank.docx,1,0,,2074,POSSIBLY_INCOMPLETE,Fewer model answer points than subquestions. App will show full available model analysis for missing calls.,1,YES_FULL_FALLBACK
747,July 2006,7,Civil Procedure,MEE_PQ_Bank.docx,0,1,1,2299,OK,,,YES_EXACT_POINTS
748,February 2007,4,Civil Procedure,MEE_PQ_Bank.docx,1,1,1,2219,OK,,,YES_EXACT_POINTS
749,July 2007,3,Civil Procedure,MEE_PQ_Bank.docx,1,0,,2151,POSSIBLY_INCOMPLETE,Fewer model answer points than subquestions. App will show full available model analysis for missing calls.,1,YES_FULL_FALLBACK
750,February 2008,3,Torts,MEE_PQ_Bank.docx,1,1,1,2307,OK,,,YES_EXACT_POINTS
751,February 2008,7,Criminal Law & Procedure,MEE_PQ_Bank.docx,1,8,"1,2,3,1,2,4,3,4",37458,OK,,,YES_EXACT_POINTS
752,July 2008,6,Civil Procedure,MEE_PQ_Bank.docx,1,11,"1,2,3,3,1,2,3,1,2,3,4",25884,OK,,,YES_EXACT_POINTS
753,July 2008,7,Contracts / Sales,MEE_PQ_Bank.docx,1,9,"1,2,3,4,5,1,1,1,2",37578,OK,,,YES_EXACT_POINTS
754,February 2009,6,Civil Procedure,MEE_PQ_Bank.docx,0,1,1,2225,OK,,,YES_EXACT_POINTS
755,July 2009,9,Agency & Partnership,MEE_PQ_Bank.docx,0,1,1,2285,OK,,,YES_EXACT_POINTS
